{
    "LogisticRegression": {
        "accuracy": 0.8776178010471204,
        "precision": 0.8720513997246443,
        "recall": 0.8418394471026049,
        "f1": 0.8566791398043371
    },
    "DecisionTree": {
        "accuracy": 0.9488758854327071,
        "precision": 0.9402298850574713,
        "recall": 0.9422293106503633,
        "f1": 0.9412285360240751
    },
    "RandomForest": {
        "accuracy": 0.946720049276255,
        "precision": 0.9469218270445929,
        "recall": 0.9294701399964558,
        "f1": 0.9381148274011805
    }
}